"File","Path","DaysOld","LastWriteTime"
"tws-supraadmin-e-5b170308.plan.md",".cursor\plans\tws-supraadmin-e-5b170308.plan.md","54","10/8/2025 2:42:38 AM"
"WSL_UBUNTU_REDIS_SETUP.md","WSL_UBUNTU_REDIS_SETUP.md","46","10/15/2025 4:34:52 PM"
"MONGODB_AUDIT_REPORT.md","MONGODB_AUDIT_REPORT.md","45","10/16/2025 1:47:46 PM"
"APPLICATION_UPDATE_GUIDE.md","APPLICATION_UPDATE_GUIDE.md","45","10/16/2025 3:38:52 PM"
"FRONTEND_BACKEND_ALIGNMENT_COMPLETE.md","FRONTEND_BACKEND_ALIGNMENT_COMPLETE.md","45","10/16/2025 3:55:08 PM"
"MONGODB_DATABASE_AUDIT_REPORT_2024.md","MONGODB_DATABASE_AUDIT_REPORT_2024.md","45","10/16/2025 1:56:20 PM"
"TENANT_CREATION_FIX_GUIDE.md","TENANT_CREATION_FIX_GUIDE.md","45","10/16/2025 12:24:24 PM"
"PENDING_TASKS_AND_NEXT_STEPS.md","PENDING_TASKS_AND_NEXT_STEPS.md","45","10/16/2025 3:21:04 PM"
"MONGODB_MIGRATION_COMPLETION_GUIDE.md","MONGODB_MIGRATION_COMPLETION_GUIDE.md","45","10/16/2025 2:47:30 PM"
"DATABASE_ARCHITECTURE_DIAGRAM.md","DATABASE_ARCHITECTURE_DIAGRAM.md","45","10/16/2025 2:04:10 PM"
"DATABASE_RESTRUCTURING_PLAN.md","DATABASE_RESTRUCTURING_PLAN.md","45","10/16/2025 3:24:20 PM"
"DEPLOYMENT_READY_GUIDE.md","DEPLOYMENT_READY_GUIDE.md","45","10/16/2025 3:48:46 PM"
"FINAL_DEBUGGING_REPORT.md","backend\FINAL_DEBUGGING_REPORT.md","39","10/23/2025 12:37:00 AM"
"COMPREHENSIVE_DEBUGGING_REPORT.md","backend\COMPREHENSIVE_DEBUGGING_REPORT.md","39","10/23/2025 12:37:00 AM"
"AUDIT_EXECUTIVE_SUMMARY.md","backend\AUDIT_EXECUTIVE_SUMMARY.md","39","10/23/2025 12:37:00 AM"
"API_ISSUES_ANALYSIS_AND_SOLUTIONS.md","backend\API_ISSUES_ANALYSIS_AND_SOLUTIONS.md","39","10/23/2025 12:37:00 AM"
"README.md","backend\scripts\README.md","39","10/23/2025 12:37:00 AM"
"README.md","frontend\src\features\admin\pages\admin\projects\README.md","39","10/23/2025 12:37:02 AM"
"COMPREHENSIVE_SYNTAX_FIXES_SUMMARY.md","backend\COMPREHENSIVE_SYNTAX_FIXES_SUMMARY.md","39","10/23/2025 12:37:00 AM"
"FINAL_SYNTAX_FIXES_COMPLETE.md","backend\FINAL_SYNTAX_FIXES_COMPLETE.md","39","10/23/2025 12:37:00 AM"
"NOTIFICATION_SYSTEM_README.md","backend\NOTIFICATION_SYSTEM_README.md","39","10/23/2025 12:37:00 AM"
"FRONTEND_COMPILATION_FIXES_SUMMARY.md","backend\FRONTEND_COMPILATION_FIXES_SUMMARY.md","39","10/23/2025 12:37:00 AM"
"DEPLOYMENT_GUIDE.md","backend\DEPLOYMENT_GUIDE.md","39","10/23/2025 12:37:00 AM"
"SUPRA_ADMIN_AUDIT_REPORT.md","backend\SUPRA_ADMIN_AUDIT_REPORT.md","39","10/23/2025 12:37:00 AM"
"SECURITY_COMPLIANCE_README.md","backend\SECURITY_COMPLIANCE_README.md","39","10/23/2025 12:37:00 AM"
"LOGIN_404_FIX.md","LOGIN_404_FIX.md","39","10/22/2025 3:22:50 PM"
"FINAL_STATUS_REPORT.md","FINAL_STATUS_REPORT.md","39","10/22/2025 11:02:28 PM"
"NETWORKING_EXPERT_ANALYSIS.md","NETWORKING_EXPERT_ANALYSIS.md","39","10/22/2025 3:31:50 PM"
"WEBSOCKET_FIX_SUMMARY.md","WEBSOCKET_FIX_SUMMARY.md","39","10/22/2025 3:17:26 PM"
"SUCCESS_REPORT.md","SUCCESS_REPORT.md","38","10/23/2025 3:53:04 PM"
"FINAL_SUCCESS_REPORT.md","FINAL_SUCCESS_REPORT.md","38","10/23/2025 3:56:18 PM"
"FRONTEND_ICON_FIXES_COMPLETE.md","FRONTEND_ICON_FIXES_COMPLETE.md","38","10/23/2025 3:35:56 PM"
"CURRENT_STATUS_REPORT.md","CURRENT_STATUS_REPORT.md","38","10/23/2025 3:41:50 PM"
"BACKEND_ROUTE_RECOVERY_SUCCESS.md","BACKEND_ROUTE_RECOVERY_SUCCESS.md","38","10/23/2025 4:15:42 PM"
"DEBUGGING_PROGRESS_REPORT.md","DEBUGGING_PROGRESS_REPORT.md","38","10/23/2025 3:48:56 PM"
"RECOVERY_SUCCESS_REPORT.md","backend\RECOVERY_SUCCESS_REPORT.md","38","10/23/2025 2:52:14 PM"
"FINAL_BACKEND_SUCCESS_REPORT.md","FINAL_BACKEND_SUCCESS_REPORT.md","38","10/23/2025 4:24:54 PM"
"SUPER_ADMIN_SETUP_COMPLETE.md","SUPER_ADMIN_SETUP_COMPLETE.md","38","10/23/2025 12:45:08 PM"
"SUPRA_ADMIN_INTEGRITY_CHECK_COMPLETE.md","SUPRA_ADMIN_INTEGRITY_CHECK_COMPLETE.md","38","10/23/2025 12:58:36 PM"
"BACKEND_AUDIT_COMPLETE_REPORT.md","backend\BACKEND_AUDIT_COMPLETE_REPORT.md","38","10/23/2025 1:30:04 PM"
"TWS_ADMIN_STARTUP_STATUS.md","TWS_ADMIN_STARTUP_STATUS.md","38","10/23/2025 2:03:08 PM"
"ADMIN_HIERARCHY_STANDARDIZATION.md","backend\ADMIN_HIERARCHY_STANDARDIZATION.md","38","10/23/2025 1:09:34 PM"
"ADMIN_STANDARDIZATION_COMPLETE.md","backend\ADMIN_STANDARDIZATION_COMPLETE.md","38","10/23/2025 1:09:04 PM"
"TWS_PROJECT_MAPPING_DIAGRAM.md","TWS_PROJECT_MAPPING_DIAGRAM.md","38","10/23/2025 8:54:48 AM"
"CREATE_ORGANIZATION_FIX.md","frontend\CREATE_ORGANIZATION_FIX.md","36","10/25/2025 2:34:22 PM"
"COMPLETE_ERP_FLOW_IMPLEMENTATION.md","backend\COMPLETE_ERP_FLOW_IMPLEMENTATION.md","36","10/25/2025 3:18:48 PM"
"ORGANIZATION_CONSOLIDATION_COMPLETE.md","frontend\ORGANIZATION_CONSOLIDATION_COMPLETE.md","36","10/25/2025 1:28:50 PM"
"ARCHITECTURE.md","frontend\ARCHITECTURE.md","36","10/25/2025 11:52:42 AM"
"FETCH_ERROR_DEBUGGING_GUIDE.md","frontend\FETCH_ERROR_DEBUGGING_GUIDE.md","36","10/25/2025 2:39:18 PM"
"RUNTIME_ERROR_RESOLUTION.md","frontend\RUNTIME_ERROR_RESOLUTION.md","36","10/25/2025 1:44:14 PM"
"CREATE_TENANT_PORT_FIX.md","frontend\CREATE_TENANT_PORT_FIX.md","36","10/25/2025 3:05:22 PM"
"TOLOCALESTRING_ERROR_RESOLUTION.md","frontend\TOLOCALESTRING_ERROR_RESOLUTION.md","36","10/25/2025 1:49:56 PM"
"API_ERROR_COMPLETE_RESOLUTION.md","frontend\API_ERROR_COMPLETE_RESOLUTION.md","36","10/25/2025 1:38:58 PM"
"BACKEND_RESTRUCTURE_COMPLETE.md","backend\BACKEND_RESTRUCTURE_COMPLETE.md","36","10/25/2025 1:08:00 PM"
"BACKEND_FRONTEND_ALIGNMENT_REPORT.md","backend\BACKEND_FRONTEND_ALIGNMENT_REPORT.md","36","10/25/2025 1:16:38 PM"
"BACKEND_RESTRUCTURE_PLAN.md","backend\BACKEND_RESTRUCTURE_PLAN.md","36","10/25/2025 1:00:40 PM"
"FINAL_ALIGNMENT_SUMMARY.md","backend\FINAL_ALIGNMENT_SUMMARY.md","36","10/25/2025 1:16:42 PM"
"TENANT_CREATION_TO_ERP_FLOW_ANALYSIS.md","backend\TENANT_CREATION_TO_ERP_FLOW_ANALYSIS.md","36","10/25/2025 3:12:10 PM"
"TENANT_TO_ERP_FLOW_FIXED.md","backend\TENANT_TO_ERP_FLOW_FIXED.md","36","10/25/2025 3:12:10 PM"
"ORGANIZATION_SUBTABS_ANALYSIS.md","backend\ORGANIZATION_SUBTABS_ANALYSIS.md","36","10/25/2025 1:20:52 PM"
"API_ERROR_RESOLUTION_SUMMARY.md","backend\API_ERROR_RESOLUTION_SUMMARY.md","36","10/25/2025 1:35:16 PM"
